filename,free(%),cip(%),agg1(%),agg2(%)
1m_3FDME_RE_1.0.dpt,7.175366583698928,31.850269631825267,44.69681371752876,16.277550066947043
