filename,free(%),cip(%),agg1(%)
1m_3FDME_RE_1.0.dpt,7.353549730794154,60.89502172788459,31.751428541321246
1m_3FDME_RE_1.0.dpt,7.353549730794154,60.89502172788459,31.751428541321246
