filename,agg1_amplitude,agg1_center,agg1_sigma,cip_amplitude,cip_center,cip_sigma,free_amplitude,free_center,free_sigma,rsquared
1m_3FDME_RE_1.0.dpt,1158.1051453673147,749.7985410231611,0.4371088818330424,2221.0918131932012,733.9864059389945,4.461889456458254,268.2141929099094,720.4970903534124,1615.2234170662732,-1.5657725799014797
1m_3FDME_RE_1.0.dpt,1158.1051453673147,749.7985410231611,0.4371088818330424,2221.0918131932012,733.9864059389945,4.461889456458254,268.2141929099094,720.4970903534124,1615.2234170662732,-1.5657725799014797
