filename,free_amplitude,free_center,free_sigma,cip_amplitude,cip_center,cip_sigma,agg1_amplitude,agg1_center,agg1_sigma,agg2_amplitude,agg2_center,agg2_sigma,free_fwhm,free_height,cip_fwhm,cip_height,agg1_fwhm,agg1_height,agg2_fwhm,agg2_height,rsquared
1m_3FDME_RE_1.0.dpt,2241.109322596632,718.0000341827531,7.387293449259515,9947.91490671176,732.3901484057309,7.258786420685965,13960.324499696919,747.0571224598601,7.207158544846071,5084.028638612495,759.9999999906695,7.405670434128778,17.395746360185292,121.02853553188173,17.093135439159724,546.7365786900825,16.971561084574425,772.7544676588474,17.43902085169513,273.87582210070957,0.9937205716221603
